<manifest alg="2" build="2018.1.0.386" opt="false" iceEnabled="true" iceMarkupVersion="2" iceEnabledOptions="link,responsive,cachebuster,textStyling" exportTarget="other" domain="https://zolokin.github.io/CfP_EU-Migration" resolutions="1x" timestamp="1561383621679">
  <folder name="css">
    <file name="site_global.css" crc="444006867"/>
    <file name="index.css" crc="80089976" ref="index"/>
  </folder>
  <folder name="scripts">
    <file name="jquery-1.8.3.min.js" crc="209076791" ref="index"/>
    <file name="museutils.js" crc="340535759" ref="index"/>
    <file name="whatinput.js" crc="86476730" ref="index"/>
    <file name="museconfig.js" crc="4286661555" ref="index"/>
    <file name="jquery.watch.js" crc="51536988" ref="index"/>
    <file name="require.js" crc="7928878" ref="index"/>
  </folder>
  <file name="index.html" crc="4057973322" seo="true" mt="1561383524304" redirect="true"/>
</manifest>